Keycode,period,"TX_RTT_N_Age_Sex_HIVStatus | <1, Male, Positive","TX_RTT_N_Age_Sex_HIVStatus | 1-4, Male, Positive","TX_RTT_N_Age_Sex_HIVStatus | 5-9, Male, Positive","TX_RTT_N_Age_Sex_HIVStatus | 10-14, Male, Positive","TX_RTT_N_Age_Sex_HIVStatus | 15-19, Male, Positive","TX_RTT_N_Age_Sex_HIVStatus | 20-24, Male, Positive","TX_RTT_N_Age_Sex_HIVStatus | 25-29, Male, Positive","TX_RTT_N_Age_Sex_HIVStatus | 30-34, Male, Positive","TX_RTT_N_Age_Sex_HIVStatus | 35-39, Male, Positive","TX_RTT_N_Age_Sex_HIVStatus | 40-44, Male, Positive","TX_RTT_N_Age_Sex_HIVStatus | 45-49, Male, Positive","TX_RTT_N_Age_Sex_HIVStatus | 50+, Male, Positive","TX_RTT_N_Age_Sex_HIVStatus | 50-54, Male, Positive","TX_RTT_N_Age_Sex_HIVStatus | 55-59, Male, Positive","TX_RTT_N_Age_Sex_HIVStatus | 60-64, Male, Positive","TX_RTT_N_Age_Sex_HIVStatus | 65+, Male, Positive","TX_RTT_N_Age_Sex_HIVStatus | Unknown Age, Male, Positive","TX_RTT_N_Age_Sex_HIVStatus | <1, Female, Positive","TX_RTT_N_Age_Sex_HIVStatus | 1-4, Female, Positive","TX_RTT_N_Age_Sex_HIVStatus | 5-9, Female, Positive","TX_RTT_N_Age_Sex_HIVStatus | 10-14, Female, Positive","TX_RTT_N_Age_Sex_HIVStatus | 15-19, Female, Positive","TX_RTT_N_Age_Sex_HIVStatus | 20-24, Female, Positive","TX_RTT_N_Age_Sex_HIVStatus | 25-29, Female, Positive","TX_RTT_N_Age_Sex_HIVStatus | 30-34, Female, Positive","TX_RTT_N_Age_Sex_HIVStatus | 35-39, Female, Positive","TX_RTT_N_Age_Sex_HIVStatus | 40-44, Female, Positive","TX_RTT_N_Age_Sex_HIVStatus | 45-49, Female, Positive","TX_RTT_N_Age_Sex_HIVStatus | 50+, Female, Positive","TX_RTT_N_Age_Sex_HIVStatus | 50-54, Female, Positive","TX_RTT_N_Age_Sex_HIVStatus | 55-59, Female, Positive","TX_RTT_N_Age_Sex_HIVStatus | 60-64, Female, Positive","TX_RTT_N_Age_Sex_HIVStatus | 65+, Female, Positive","TX_RTT_N_Age_Sex_HIVStatus | Unknown Age, Female, Positive","TX_RTT_N_ARTNoContactReasonIIT_HIVStatus | IIT(<3 Months Interruption), Positive","TX_RTT_N_ARTNoContactReasonIIT_HIVStatus | IIT(3-5 Months Interruption), Positive","TX_RTT_N_ARTNoContactReasonIIT_HIVStatus | IIT(<6+ Months Interruption), Positive","TX_RTT_N_KeyPop_HIVStatus | PWID, Positive","TX_RTT_N_KeyPop_HIVStatus | MSM, Positive","TX_RTT_N_KeyPop_HIVStatus | FSW, Positive","TX_RTT_N_KeyPop_HIVStatus | People in prisons and other enclosed settings, Positive"
200499,2023Q1,0,0,0,0,1,0,3,5,4,3,5,,0,3,2,0,0,0,0,1,0,0,2,8,6,3,2,5,,2,2,0,0,0,12,16,29,0,1,0,0
340078,2023Q1,0,0,0,0,0,0,0,0,0,0,0,,0,0,0,0,0,0,0,0,0,0,0,0,0,0,0,0,,0,0,0,0,0,0,0,0,0,0,0,0
338288,2023Q1,0,0,0,0,0,0,0,0,0,1,0,,0,0,0,0,0,0,0,0,0,1,0,0,0,0,0,0,,0,0,0,0,0,2,0,0,0,0,0,0
201696,2023Q1,0,2,1,1,0,1,1,3,2,4,2,,0,0,0,0,0,0,1,1,0,0,7,7,12,8,3,2,,0,1,0,0,0,15,8,36,0,1,0,0
360175,2023Q1,0,0,0,0,0,1,2,4,1,1,0,,0,0,2,0,0,0,0,0,0,0,6,2,4,6,1,0,,0,0,0,0,0,22,8,0,0,0,1,0
200527,2023Q1,0,0,0,1,0,0,0,0,0,0,0,,0,0,0,0,0,0,0,0,0,0,0,0,2,1,0,0,,1,0,0,0,0,2,0,3,0,0,0,0
200605,2023Q1,0,0,0,0,0,1,0,0,0,0,0,,0,0,0,0,0,0,0,0,0,0,0,1,0,0,0,0,,0,0,0,0,0,2,0,0,0,0,0,0
200574,2023Q1,0,0,0,0,0,0,2,1,1,1,1,,1,0,0,0,0,0,0,0,0,1,1,4,4,2,3,1,,0,0,0,0,0,8,4,11,0,0,0,0
200535,2023Q1,0,0,0,0,0,0,0,0,0,0,0,,0,0,0,0,0,0,0,0,0,0,0,0,1,0,0,0,,1,0,0,0,0,0,1,1,0,0,0,0
200462,2023Q1,0,0,0,0,0,0,0,0,0,0,0,,0,0,0,0,0,0,0,0,0,0,0,0,0,0,0,0,,0,0,0,0,0,0,0,0,0,0,0,0
200625,2023Q1,0,1,0,0,1,0,2,2,0,0,0,,0,0,0,0,0,0,0,0,1,0,3,1,9,3,0,0,,0,1,0,1,0,16,8,1,0,0,0,0
200447,2023Q1,0,0,0,0,0,0,0,0,0,0,0,,0,0,0,0,0,0,0,0,0,0,0,0,0,1,0,0,,0,0,0,0,0,0,0,1,0,0,0,0
200617,2023Q1,0,0,0,0,0,1,1,1,0,0,0,,1,0,0,0,0,0,0,1,0,0,1,0,0,2,1,0,,0,0,0,0,0,3,5,1,0,0,0,0
200472,2023Q1,0,0,0,0,0,0,0,0,0,0,0,,0,0,1,0,0,0,0,0,0,0,0,0,0,0,0,1,,0,0,0,0,0,2,0,0,0,0,0,0
200147,2023Q1,0,0,0,0,0,0,0,0,0,0,0,,0,0,0,0,0,0,0,0,0,0,0,0,0,0,0,0,,0,0,0,0,0,0,0,0,0,0,0,0
200588,2023Q1,0,0,0,0,0,0,0,0,0,0,0,,0,0,0,0,0,0,0,0,0,0,0,0,0,0,0,0,,0,0,0,0,0,0,0,0,0,0,0,0
201698,2023Q1,0,0,0,0,0,1,0,1,1,2,0,,0,0,0,0,0,0,0,0,0,0,7,11,5,1,1,1,,0,0,0,0,0,22,6,3,0,0,0,0
200032,2023Q1,0,0,0,0,0,0,0,0,0,0,0,,0,0,0,0,0,0,0,0,0,0,0,0,0,0,0,0,,0,0,0,0,0,0,0,0,0,0,0,0
200615,2023Q1,0,0,0,0,0,0,1,0,2,0,0,,0,0,0,0,0,0,0,0,0,0,0,0,1,1,2,0,,0,0,0,0,0,1,0,6,0,0,0,0
200463,2023Q1,0,0,0,1,0,1,0,0,1,1,1,,0,0,0,0,0,0,0,0,0,0,1,2,0,0,0,0,,0,0,0,0,0,5,1,2,0,0,1,0
200604,2023Q1,0,0,0,0,0,0,0,0,0,0,1,,0,0,0,0,0,0,0,0,0,0,0,0,1,1,0,0,,1,0,0,0,0,1,0,3,0,0,0,0
200542,2023Q1,0,0,0,0,0,0,0,0,0,0,0,,0,0,0,0,0,0,0,0,0,0,0,0,0,0,0,0,,0,0,0,0,0,0,0,0,0,0,0,0
200538,2023Q1,0,0,0,0,1,1,0,0,0,0,0,,0,0,0,0,0,0,0,0,0,0,0,0,1,2,1,1,,0,0,0,0,0,2,2,3,0,0,0,0
200561,2023Q1,0,0,0,0,1,0,1,0,0,0,0,,0,0,0,0,0,0,0,0,0,0,0,0,0,0,1,0,,0,0,0,0,0,0,0,3,0,0,0,0
321326,2023Q1,0,0,0,0,0,0,0,0,0,0,0,,0,0,0,1,0,0,1,0,0,0,1,0,0,0,0,0,,0,0,0,0,0,0,2,1,0,0,0,0
200173,2023Q1,0,1,0,0,0,0,1,1,1,1,0,,0,0,0,0,0,0,0,0,0,0,7,8,4,0,2,0,,0,0,0,0,0,2,24,0,0,0,0,0
200522,2023Q1,0,0,0,0,0,0,0,3,0,1,0,,0,0,0,0,0,0,0,1,0,0,0,0,2,1,0,0,,1,0,0,0,0,0,5,4,0,0,0,0
200023,2023Q1,0,0,0,0,0,0,0,0,0,0,1,,0,0,0,0,0,0,0,0,0,0,2,2,1,0,0,0,,0,0,0,0,0,0,1,5,0,0,0,0
200536,2023Q1,0,0,0,1,0,0,0,2,0,1,2,,0,1,0,1,0,0,1,3,0,0,6,2,6,3,3,1,,1,0,0,0,0,10,6,18,0,0,1,0
200497,2023Q1,0,0,0,0,0,0,0,0,0,0,0,,0,0,0,0,0,0,0,0,0,0,0,0,0,0,0,0,,0,0,0,0,0,0,0,0,0,0,0,0
200152,2023Q1,0,0,1,2,0,0,0,1,1,1,1,,1,0,0,1,0,0,0,1,0,0,5,4,9,5,3,2,,2,0,0,0,0,16,13,11,0,0,0,0
200612,2023Q1,0,0,1,1,0,1,1,0,1,0,0,,0,0,0,0,0,0,1,0,0,0,4,1,3,2,2,0,,0,0,0,0,0,10,4,4,0,0,0,0
200548,2023Q1,0,0,0,0,0,0,0,0,0,0,0,,0,0,0,0,0,0,0,0,0,0,0,0,0,0,0,0,,0,0,0,0,0,0,0,0,0,0,0,0
200192,2023Q1,0,0,1,1,0,4,3,6,8,10,3,,1,1,1,2,0,0,1,0,1,1,10,34,17,10,2,3,,1,0,0,0,0,52,36,33,0,0,3,1
200566,2023Q1,0,0,0,0,0,0,0,0,0,0,0,,0,0,0,0,0,0,0,0,0,0,1,2,2,0,0,0,,0,0,1,0,0,0,1,5,0,0,0,0
201028,2023Q1,0,0,0,0,0,0,0,0,0,0,0,,0,0,0,0,0,0,0,0,0,0,1,1,0,0,0,0,,0,0,0,0,0,2,0,0,0,0,0,0
338290,2023Q1,0,0,0,0,0,0,1,1,1,2,0,,0,0,0,0,0,0,0,0,0,0,0,0,0,0,0,1,,1,0,0,0,0,7,0,0,0,0,0,0
200559,2023Q1,0,0,0,0,0,0,0,3,0,2,0,,0,0,0,0,0,0,0,0,0,1,2,4,10,5,0,0,,0,0,0,0,0,4,8,15,0,0,0,0
200454,2023Q1,0,1,0,0,0,0,0,0,0,2,0,,1,0,0,0,0,0,0,0,0,0,0,1,0,0,0,0,,0,0,0,0,0,2,0,3,0,0,0,0
200618,2023Q1,0,1,3,5,2,2,6,18,10,11,11,,4,0,3,0,0,0,0,3,1,4,4,18,18,15,6,6,,3,2,3,2,0,48,30,83,0,0,2,1
201110,2023Q1,0,0,0,0,0,0,0,0,1,0,1,,1,1,0,0,0,0,0,0,0,0,0,0,2,1,0,0,,0,0,0,0,0,0,0,7,0,0,0,0
200525,2023Q1,0,0,3,1,1,0,1,2,3,6,1,,2,0,3,1,0,0,3,3,1,2,3,10,14,12,4,1,,2,0,0,1,0,19,30,31,0,0,3,0
200165,2023Q1,0,0,0,0,0,0,0,0,0,0,0,,0,0,0,0,0,0,0,0,0,0,0,0,0,0,0,0,,0,0,0,0,0,0,0,0,0,0,0,0
200459,2023Q1,0,1,1,0,0,1,0,2,2,0,1,,2,0,0,0,0,0,1,0,0,1,2,7,6,1,2,1,,1,0,0,0,0,26,6,0,0,0,0,0
201645,2023Q1,0,0,0,0,0,0,0,0,0,0,0,,0,0,0,0,0,0,0,0,0,0,0,0,1,0,0,0,,0,0,0,0,0,0,1,0,0,0,0,0
200937,2023Q1,0,0,0,0,0,2,0,2,1,1,3,,1,1,0,0,0,0,0,0,0,0,14,7,9,7,9,3,,1,0,0,1,0,11,21,30,0,0,0,0
200657,2023Q1,0,1,1,2,1,1,1,5,3,6,2,,3,1,0,1,0,0,0,2,5,5,10,11,20,7,7,2,,1,1,0,0,0,49,38,12,0,1,0,0
200576,2023Q1,0,1,1,0,1,0,0,1,3,3,1,,1,1,0,1,0,0,2,1,2,2,6,9,13,5,2,2,,1,3,2,0,0,11,38,15,0,0,0,0
200513,2023Q1,0,0,0,0,0,0,0,0,0,1,0,,0,0,0,0,0,0,0,0,0,0,0,0,0,1,0,0,,0,0,0,0,0,0,1,1,0,0,0,0
200552,2023Q1,0,0,0,0,0,0,0,1,0,0,1,,0,0,0,0,0,0,0,0,0,0,0,0,2,1,0,0,,0,0,0,0,0,0,1,4,0,0,0,0
200530,2023Q1,0,0,0,0,0,0,0,0,0,0,0,,0,0,1,0,0,0,0,0,0,0,0,0,2,0,0,0,,0,0,0,1,0,3,0,1,0,0,0,0
200586,2023Q1,0,0,0,0,0,0,0,0,0,0,0,,0,0,0,0,0,0,0,0,0,0,0,0,0,0,0,0,,0,0,0,0,0,0,0,0,0,0,0,0
200532,2023Q1,0,0,0,0,0,0,0,0,1,0,0,,0,0,0,0,0,0,0,0,0,0,0,2,1,0,0,0,,0,0,0,0,0,3,1,0,0,0,0,0
321330,2023Q1,0,0,0,0,0,1,0,0,0,0,0,,0,0,0,0,0,0,0,0,0,1,0,0,0,0,0,0,,0,0,0,0,0,0,1,1,0,0,0,0
200500,2023Q1,0,0,1,0,0,0,2,1,0,0,0,,1,0,0,0,0,0,0,0,0,0,1,0,7,2,1,1,,1,0,0,0,0,1,3,14,0,0,1,0
66666,2023Q1,0,1,0,1,0,3,2,17,6,11,6,,2,1,1,2,0,0,3,0,0,1,12,22,15,13,5,3,,1,2,1,2,0,40,59,34,0,0,0,0
200475,2023Q1,0,0,0,0,0,0,0,0,0,0,0,,0,0,0,0,0,0,0,1,0,0,0,0,0,0,0,0,,0,0,0,0,0,0,1,0,0,0,0,0
200643,2023Q1,0,1,0,1,0,0,0,0,0,0,0,,0,0,0,0,0,0,1,1,0,0,0,1,3,0,2,0,,1,0,0,0,0,2,2,7,0,0,0,0
200155,2023Q1,0,0,0,0,2,3,6,10,7,6,2,,2,1,5,1,0,0,1,0,0,1,4,11,20,8,14,5,,3,4,1,1,0,47,51,20,0,0,6,5
200490,2023Q1,0,0,0,0,0,0,0,0,0,0,0,,0,0,0,0,0,0,0,0,0,0,0,0,0,0,0,0,,0,0,0,0,0,0,0,0,0,0,0,0
201205,2023Q1,0,0,0,0,0,0,0,1,0,1,0,,0,0,0,0,0,0,1,0,0,0,1,2,2,4,0,0,,0,0,0,0,0,4,6,2,0,0,0,0
200560,2023Q1,0,0,0,0,0,0,0,1,0,1,0,,0,0,0,0,0,0,0,0,0,0,0,0,1,1,1,0,,0,0,0,0,0,0,0,5,0,0,0,0
200638,2023Q1,0,0,1,0,1,0,0,5,0,1,2,,3,0,1,0,0,0,1,0,2,3,6,4,2,2,3,2,,1,1,2,0,0,28,12,3,0,0,0,0
200563,2023Q1,0,0,0,0,0,0,0,1,0,0,1,,0,0,0,0,0,0,0,0,0,0,0,1,2,0,1,0,,0,0,0,0,0,0,2,4,0,0,1,0
200593,2023Q1,0,0,2,1,0,0,1,1,2,0,1,,0,2,0,0,0,0,0,1,1,0,0,4,2,0,3,0,,0,0,0,0,0,3,2,16,0,0,0,0
200572,2023Q1,0,0,0,0,0,1,0,0,0,1,0,,0,1,0,1,0,0,0,0,0,0,2,9,2,3,1,0,,1,0,0,0,0,3,0,19,0,0,0,0
200469,2023Q1,0,0,0,0,0,0,0,0,1,2,0,,0,0,1,0,0,0,0,0,0,0,0,1,1,2,0,0,,0,0,0,0,0,2,1,5,0,0,0,0
200484,2023Q1,0,0,0,0,0,0,0,0,0,0,0,,0,0,0,0,0,0,0,0,0,0,0,0,0,0,0,0,,0,0,0,0,0,0,0,0,0,0,0,0
200533,2023Q1,0,0,0,0,0,1,0,0,0,0,0,,0,0,0,0,0,0,0,0,0,0,0,0,0,0,1,0,,0,0,0,0,0,0,0,2,0,0,0,0
200180,2023Q1,0,3,1,2,3,5,11,11,14,14,15,,10,1,1,1,0,0,6,2,1,5,51,42,34,28,11,15,,2,3,3,2,0,125,142,30,0,0,12,3
201657,2023Q1,0,2,1,1,2,2,0,3,4,2,0,,2,0,1,0,0,0,1,1,2,2,3,17,15,5,5,1,,2,0,2,0,0,21,38,17,0,0,0,2
200613,2023Q1,0,0,1,1,1,0,0,2,1,2,1,,1,0,0,0,0,0,0,0,1,1,1,0,4,0,1,0,,0,0,0,0,0,3,3,12,0,0,0,0
200590,2023Q1,0,1,2,4,3,0,3,6,9,4,5,,3,1,1,1,0,0,1,0,6,2,2,7,9,10,3,0,,1,1,0,0,0,18,13,54,0,0,0,0
200452,2023Q1,0,0,0,0,0,0,0,0,0,0,0,,0,0,0,0,0,0,0,0,0,0,0,0,0,0,0,0,,0,0,0,0,0,0,0,0,0,0,0,0
200501,2023Q1,0,0,0,0,0,0,0,0,0,0,0,,0,0,0,0,0,0,0,0,0,0,1,0,0,0,0,0,,0,0,0,0,0,1,0,0,0,0,0,0
201658,2023Q1,0,0,0,0,0,0,0,0,0,1,0,,0,0,1,0,0,0,0,0,0,0,1,2,1,0,0,0,,0,0,0,0,0,0,1,5,0,0,0,0
200195,2023Q1,0,0,0,0,0,1,0,0,0,0,0,,0,0,0,0,0,0,0,0,0,0,2,1,0,1,0,0,,1,2,0,0,0,4,2,2,0,0,0,0
200616,2023Q1,0,0,0,0,0,1,1,0,1,0,1,,0,0,0,0,0,0,1,1,0,0,1,0,1,1,2,1,,0,0,0,0,0,3,2,7,0,0,0,0
200523,2023Q1,0,0,0,0,0,0,0,0,1,0,0,,0,0,0,0,0,0,0,0,0,0,0,0,6,0,0,0,,0,0,0,0,0,1,0,6,0,0,0,0
200539,2023Q1,0,0,0,0,0,0,0,0,0,0,0,,0,0,0,0,0,0,0,0,0,0,0,0,0,0,0,0,,0,0,0,0,0,0,0,0,0,0,0,0
200633,2023Q1,0,0,1,0,0,0,0,0,2,1,1,,0,0,0,0,0,0,0,0,0,0,2,5,0,0,1,0,,0,0,0,0,0,2,1,10,0,0,0,0
200479,2023Q1,0,0,0,0,0,0,0,0,0,0,0,,0,0,0,0,0,0,0,0,0,0,0,0,0,0,0,0,,0,0,0,0,0,0,0,0,0,0,0,0
200556,2023Q1,0,0,0,0,0,0,0,0,0,0,0,,0,0,0,0,0,0,0,0,0,0,0,0,0,0,0,0,,0,0,0,0,0,0,0,0,0,0,0,0
200163,2023Q1,0,0,2,0,3,2,6,6,6,5,1,,0,0,1,0,0,0,0,1,2,2,9,17,14,5,1,1,,2,0,0,0,0,77,1,8,0,0,0,0
200157,2023Q1,0,0,0,0,0,0,0,0,0,0,0,,0,0,0,0,0,0,0,0,0,0,0,0,0,0,0,0,,0,0,0,0,0,0,0,0,0,0,0,0
200528,2023Q1,0,0,0,1,0,0,0,1,0,0,0,,1,1,1,0,0,0,0,0,1,0,1,0,3,0,2,1,,0,0,0,0,0,1,1,11,0,0,1,0
200190,2023Q1,0,0,0,1,1,0,2,1,1,5,1,,1,0,0,0,0,0,0,0,2,0,8,6,9,3,2,1,,1,0,0,1,0,16,22,8,0,0,3,0
200191,2023Q1,0,0,0,0,0,0,0,0,0,0,0,,0,0,0,0,0,0,0,0,0,0,0,0,0,0,0,0,,1,0,0,0,0,0,1,0,0,0,0,0
200661,2023Q1,0,1,2,1,0,0,0,0,0,0,0,,0,0,0,0,0,0,0,0,1,0,1,3,0,1,1,0,,1,1,0,0,0,10,1,2,0,0,0,0
200464,2023Q1,0,0,0,1,0,0,0,3,3,8,2,,2,1,1,1,0,0,0,0,0,0,0,4,4,3,4,1,,0,0,0,0,0,2,0,36,0,0,0,0
200154,2023Q1,0,0,0,0,0,2,1,2,1,0,0,,0,0,0,0,0,0,0,0,0,0,1,2,5,3,2,0,,0,0,0,0,0,1,0,18,0,0,0,0
200169,2023Q1,0,0,0,0,0,0,0,0,0,0,0,,0,0,0,0,0,0,0,0,0,0,0,0,0,0,0,0,,0,0,0,0,0,0,0,0,0,0,0,0
200460,2023Q1,0,0,0,0,0,0,1,0,0,0,0,,0,0,0,0,0,0,0,0,0,0,0,1,1,2,2,0,,0,0,0,0,0,4,2,1,0,0,0,0
200491,2023Q1,0,1,0,0,0,0,0,1,0,1,0,,0,0,0,0,0,0,0,1,1,0,1,0,2,1,0,0,,0,0,0,0,0,3,5,1,0,0,0,0
200483,2023Q1,0,0,0,0,0,0,0,0,1,0,0,,0,0,0,0,0,0,0,0,0,0,0,1,0,0,0,0,,0,0,0,0,0,0,1,1,0,0,0,0
200502,2023Q1,0,0,0,0,0,0,0,0,0,1,0,,0,0,0,0,0,0,0,0,0,0,0,2,1,1,1,0,,0,0,0,0,0,0,2,4,0,0,0,0
200567,2023Q1,0,0,0,1,0,0,0,0,0,1,1,,0,0,0,0,0,0,0,0,0,0,0,0,1,0,2,0,,0,0,0,0,0,3,0,3,0,0,0,0
200591,2023Q1,0,2,6,7,1,0,6,8,4,7,5,,0,0,2,3,0,0,2,2,7,2,6,15,23,11,10,4,,1,1,1,1,0,60,16,61,0,1,0,0
200546,2023Q1,0,0,0,0,0,0,0,0,0,0,1,,0,0,0,0,0,0,0,0,0,1,0,0,0,0,0,0,,0,0,0,0,0,0,0,2,0,0,0,0
200529,2023Q1,0,0,0,0,0,0,0,0,0,0,2,,0,0,0,0,0,0,0,0,1,0,0,1,1,1,1,2,,0,0,0,0,0,4,0,5,0,0,0,0
200579,2023Q1,0,0,0,0,0,1,0,1,0,1,2,,0,1,1,0,0,0,0,1,0,1,3,6,5,1,5,2,,1,1,0,0,0,16,15,2,0,0,0,0
321331,2023Q1,0,0,0,0,0,0,0,0,0,0,0,,0,0,0,0,0,0,0,0,0,0,0,0,0,0,0,0,,0,0,0,0,0,0,0,0,0,0,0,0
200655,2023Q1,0,1,0,0,0,0,0,1,0,1,0,,2,0,0,0,0,0,0,1,0,1,5,3,9,4,1,0,,0,1,0,0,0,6,15,9,0,0,0,0
200178,2023Q1,0,2,0,2,1,3,5,5,15,6,2,,5,2,0,0,0,0,0,2,1,4,15,13,13,10,11,4,,3,3,0,1,0,79,45,4,0,0,3,0
200451,2023Q1,0,0,1,0,0,0,0,1,0,0,1,,0,0,0,0,0,0,0,0,0,2,0,2,4,2,1,0,,0,0,0,0,0,7,0,7,0,0,0,0
200599,2023Q1,0,0,0,0,0,0,0,0,0,0,0,,0,0,0,0,0,0,0,0,0,0,0,0,0,0,0,0,,0,0,0,0,0,0,0,0,0,0,0,0
200531,2023Q1,0,1,1,2,0,1,1,4,4,4,2,,1,0,0,0,0,0,0,1,0,0,2,13,10,4,1,2,,0,1,0,0,0,23,7,25,0,0,0,0
200580,2023Q1,0,0,0,0,0,0,0,1,0,0,0,,1,0,0,0,0,0,0,0,0,0,1,1,4,1,0,0,,0,1,0,0,0,9,1,0,0,0,0,0
200524,2023Q1,0,0,0,0,0,0,0,0,0,0,0,,0,0,0,1,0,0,0,0,0,0,0,0,0,0,0,0,,0,0,0,0,0,1,0,0,0,0,0,0
200592,2023Q1,0,1,2,1,1,0,1,1,2,1,1,,0,0,0,0,0,0,1,1,0,0,4,1,2,3,0,0,,1,0,0,0,0,2,10,12,0,0,0,0
200600,2023Q1,0,0,0,1,0,0,2,1,1,1,3,,0,0,0,0,0,0,0,0,0,0,3,3,4,4,2,3,,4,0,0,0,0,19,10,3,0,0,0,0
200549,2023Q1,0,0,0,0,0,0,0,0,0,0,0,,0,0,0,0,0,0,0,0,0,0,0,0,0,0,0,0,,0,0,0,0,0,0,0,0,0,0,0,0
200521,2023Q1,0,0,0,0,0,0,1,0,1,0,0,,1,0,0,0,0,0,0,0,0,1,2,3,3,1,1,0,,0,0,1,0,0,10,4,1,0,0,0,0
200481,2023Q1,0,2,0,0,0,1,0,0,1,3,1,,1,0,0,0,0,0,0,1,0,0,1,0,1,4,4,0,,1,0,0,0,0,11,3,7,0,0,0,0
200494,2023Q1,0,0,0,0,0,1,0,2,1,1,0,,0,0,0,0,0,0,0,1,0,0,3,5,10,1,3,1,,0,0,0,0,0,4,0,25,0,0,0,0
201851,2023Q1,0,2,0,1,1,0,0,2,2,1,2,,0,1,0,0,0,0,2,3,0,1,2,5,2,1,2,0,,0,0,0,0,0,18,5,7,0,0,0,0
200457,2023Q1,0,1,2,0,0,2,2,2,1,1,1,,0,0,1,1,0,0,2,1,0,1,2,4,5,2,2,1,,0,0,0,0,0,17,3,14,0,0,0,0
99999,2023Q1,0,0,0,0,0,2,16,30,42,31,11,,4,3,2,0,0,0,0,0,0,0,0,0,0,0,0,0,,0,0,0,0,0,17,115,9,0,0,0,120
200614,2023Q1,0,2,0,4,0,1,4,12,3,5,7,,0,2,2,0,0,0,0,3,0,2,2,2,7,3,5,3,,1,1,1,0,0,9,10,53,0,0,0,0
200564,2023Q1,0,0,0,0,0,0,0,0,0,0,0,,0,0,0,0,0,0,0,0,0,0,0,0,0,0,0,0,,0,0,0,0,0,0,0,0,0,0,0,0
201858,2023Q1,0,1,0,0,0,1,4,2,2,2,2,,1,1,0,0,0,0,1,1,0,2,11,8,8,6,2,2,,2,3,0,0,0,15,30,17,0,0,0,0
200669,2023Q1,0,0,1,0,0,0,0,1,1,0,0,,0,0,0,0,0,0,0,0,0,0,1,0,1,0,0,0,,0,0,0,0,0,0,0,5,0,0,0,0
200557,2023Q1,0,0,0,0,0,0,0,0,0,0,0,,0,0,0,0,0,0,0,0,0,0,0,0,0,1,0,0,,0,0,0,0,0,0,0,1,0,0,0,0
321333,2023Q1,0,0,0,0,0,0,0,0,0,0,0,,0,0,0,0,0,0,0,0,0,0,0,0,0,0,0,0,,0,0,0,0,0,0,0,0,0,0,0,0
200629,2023Q1,0,5,3,4,0,2,0,0,2,1,3,,0,0,1,1,0,0,1,2,1,0,2,1,4,5,4,1,,0,1,0,0,0,12,15,17,0,0,0,0
200601,2023Q1,0,0,0,0,0,0,2,1,0,1,0,,0,1,0,0,0,0,0,0,0,0,0,2,1,3,1,0,,1,0,0,0,0,10,3,0,0,0,0,0
200517,2023Q1,0,0,0,0,0,0,1,0,0,0,0,,2,0,0,0,0,0,0,1,0,0,0,1,0,0,0,0,,0,0,0,0,0,1,0,4,0,0,0,0
200667,2023Q1,0,1,3,3,1,0,0,0,0,1,3,,0,0,0,0,0,0,4,1,2,0,0,1,1,2,1,0,,0,0,0,0,0,10,8,6,0,0,0,0
200456,2023Q1,0,0,0,0,0,0,0,0,1,0,0,,0,0,0,0,0,0,0,0,0,0,2,1,1,0,0,0,,0,0,0,0,0,3,1,1,0,0,0,0
200565,2023Q1,0,0,0,0,1,0,0,1,1,1,0,,0,2,0,0,0,0,0,0,0,1,0,1,5,1,0,0,,0,0,0,0,0,0,5,9,0,0,1,0
398330,2023Q1,0,0,2,1,0,0,0,2,6,6,2,,0,1,1,0,0,0,3,0,0,1,8,12,8,10,6,2,,0,2,0,3,0,26,23,27,0,0,0,0
200503,2023Q1,0,0,0,0,0,0,0,0,0,0,0,,0,0,0,0,0,0,0,0,0,0,0,0,1,0,0,0,,0,0,0,0,0,0,0,1,0,0,0,0
200471,2023Q1,0,0,0,0,0,0,0,0,0,0,0,,0,0,0,0,0,0,0,0,0,0,0,0,0,0,0,0,,0,0,0,0,0,0,0,0,0,0,0,0
200963,2023Q1,0,0,1,0,0,0,0,0,0,0,1,,1,0,0,0,0,0,0,1,0,0,0,0,0,0,0,0,,3,0,0,0,0,1,2,4,0,0,0,0
200577,2023Q1,0,0,0,0,0,1,0,3,2,2,0,,1,0,0,0,0,0,0,0,0,0,3,5,3,3,1,0,,0,0,1,0,0,1,1,23,0,0,1,0
200936,2023Q1,0,1,4,1,0,1,0,3,0,2,0,,0,1,0,0,0,0,1,2,2,0,2,7,3,1,1,2,,0,0,1,0,0,12,6,17,0,0,0,0
200939,2023Q1,0,0,1,0,0,0,0,0,0,0,0,,0,0,0,1,0,0,0,0,0,0,0,0,0,0,1,0,,0,0,0,0,0,0,1,2,0,0,0,0
200938,2023Q1,0,0,2,1,0,1,1,4,6,1,2,,0,0,0,0,0,0,1,1,1,1,7,4,7,2,2,1,,0,1,3,3,0,11,13,28,0,0,2,0
200958,2023Q1,0,0,0,0,0,0,0,1,0,0,1,,0,0,0,0,0,1,1,0,1,0,1,0,0,0,0,0,,0,1,0,0,0,3,2,2,0,0,0,0
200954,2023Q1,0,1,0,0,1,0,1,0,3,2,0,,2,0,0,0,0,0,0,1,0,0,0,0,0,2,2,0,,1,0,0,0,0,8,4,4,0,0,0,0
200957,2023Q1,0,0,0,0,0,0,0,0,0,0,0,,0,0,0,0,0,0,0,0,0,0,0,1,3,1,0,0,,0,1,0,0,0,5,0,1,0,0,0,0
200940,2023Q1,0,0,0,0,1,0,0,5,2,3,1,,1,0,1,0,0,0,1,0,1,1,1,1,2,6,2,1,,2,0,0,0,0,23,2,7,0,0,0,0
200914,2023Q1,0,0,0,0,0,0,0,1,0,0,0,,1,1,0,1,0,0,0,0,0,1,0,0,1,0,0,0,,1,0,0,1,0,0,1,7,0,0,0,0
200648,2023Q1,0,0,0,2,0,1,2,4,1,3,3,,1,3,0,0,0,0,0,1,1,0,5,7,5,2,5,2,,0,0,1,0,0,13,12,24,0,0,0,0
200941,2023Q1,0,0,1,0,1,2,3,6,3,1,3,,0,0,0,0,0,0,1,1,1,1,10,17,11,9,6,0,,1,0,1,0,0,15,3,61,0,0,1,0
201869,2023Q1,0,0,0,0,0,0,1,0,0,0,0,,0,0,0,0,0,0,0,0,1,0,0,2,2,1,0,0,,0,0,0,0,0,0,1,6,0,0,0,0
200942,2023Q1,0,1,0,0,0,0,0,1,0,2,0,,0,0,0,0,0,0,0,0,0,0,2,2,2,0,1,0,,0,1,0,0,0,2,2,8,0,0,0,0
200943,2023Q1,0,0,2,4,2,0,1,6,4,6,3,,0,0,0,1,0,0,1,1,2,6,6,9,10,5,3,3,,0,0,0,1,0,17,38,21,0,0,0,1
201647,2023Q1,0,0,0,0,0,0,0,0,0,0,0,,0,0,0,0,0,0,0,0,0,0,0,0,1,0,0,0,,0,0,0,0,0,0,0,1,0,0,0,0
200933,2023Q1,0,0,0,0,0,0,0,0,0,0,0,,1,0,0,0,0,0,0,0,0,0,0,0,0,0,0,0,,0,0,0,0,0,0,0,1,0,0,0,0
